row;col;r;c;value;status
"Ingresos (I + II + III)";2023;1;1;51639,94;
"Ingresos (I + II + III)";2022;1;2;48863,27;
"Ingresos (I + II + III)";2020;1;3;42179,2;
"Ingresos (I + II + III)";2017;1;4;34029,71;
"Ingresos (I + II + III)";2015;1;5;32483,09;
"Ingresos (I + II + III)";2014;1;6;31862,07;
"Ingresos (I + II + III)";2012;1;7;29727,34;
"Ingresos (I + II + III)";2011;1;8;32630,05;
"Ingresos (I + II + III)";2010;1;9;32518,73;
"Ingresos (I + II + III)";2009;1;10;29730,76;
"Ingresos (I + II + III)";2008;1;11;28243,34;
"Ingresos (I + II + III)";2007;1;12;26684,64;
"Ingresos (I + II + III)";2006;1;13;23924,46;
"Ingresos (I + II + III)";2005;1;14;21516,87;
"Ingresos (I + II + III)";2004;1;15;18710,82;
"Ingresos (I + II + III)";2003;1;16;16081,39;
"Ingresos (I + II + III)";2002;1;17;14842,03;
"Ingresos (I + II + III)";2001;1;18;13395,21;
"Ingresos (I + II + III)";2000;1;19;12480,07;
"Ingresos (I + II + III)";1999;1;20;11487,97;
"1. Impuestos directos";2023;2;1;15386,76;
"1. Impuestos directos";2022;2;2;13163,13;
"1. Impuestos directos";2020;2;3;12816,56;
"1. Impuestos directos";2017;2;4;9630,15;
"1. Impuestos directos";2015;2;5;8765,57;
"1. Impuestos directos";2014;2;6;7696,56;
"1. Impuestos directos";2012;2;7;8116,31;
"1. Impuestos directos";2011;2;8;8358,53;
"1. Impuestos directos";2010;2;9;6387,48;
"1. Impuestos directos";2009;2;10;8931,33;
"1. Impuestos directos";2008;2;11;7448,5;
"1. Impuestos directos";2007;2;12;6338,62;
"1. Impuestos directos";2006;2;13;5558,3;
"1. Impuestos directos";2005;2;14;4917,56;
"1. Impuestos directos";2004;2;15;4395,72;
"1. Impuestos directos";2003;2;16;3932,29;
"1. Impuestos directos";2002;2;17;3733,46;
"1. Impuestos directos";2001;2;18;1976,48;
"1. Impuestos directos";2000;2;19;1788,19;
"1. Impuestos directos";1999;2;20;1645,86;
"2. Impuestos indirectos";2023;3;1;14086,98;
"2. Impuestos indirectos";2022;3;2;11738,23;
"2. Impuestos indirectos";2020;3;3;13243,77;
"2. Impuestos indirectos";2017;3;4;10912,22;
"2. Impuestos indirectos";2015;3;5;9382,2;
"2. Impuestos indirectos";2014;3;6;8703,05;
"2. Impuestos indirectos";2012;3;7;9307,15;
"2. Impuestos indirectos";2011;3;8;8567,36;
"2. Impuestos indirectos";2010;3;9;6322,94;
"2. Impuestos indirectos";2009;3;10;8261,03;
"2. Impuestos indirectos";2008;3;11;10662,8;
"2. Impuestos indirectos";2007;3;12;10917,64;
"2. Impuestos indirectos";2006;3;13;9593,75;
"2. Impuestos indirectos";2005;3;14;8550,96;
"2. Impuestos indirectos";2004;3;15;7312,21;
"2. Impuestos indirectos";2003;3;16;6206,68;
"2. Impuestos indirectos";2002;3;17;5601,08;
"2. Impuestos indirectos";2001;3;18;1281,02;
"2. Impuestos indirectos";2000;3;19;1240,49;
"2. Impuestos indirectos";1999;3;20;1010,4;
"3. Tasas, venta de bienes y servicios y otros ingresos";2023;4;1;446,06;
"3. Tasas, venta de bienes y servicios y otros ingresos";2022;4;2;443,08;
"3. Tasas, venta de bienes y servicios y otros ingresos";2020;4;3;362,13;
"3. Tasas, venta de bienes y servicios y otros ingresos";2017;4;4;608,25;
"3. Tasas, venta de bienes y servicios y otros ingresos";2015;4;5;522,95;
"3. Tasas, venta de bienes y servicios y otros ingresos";2014;4;6;333,33;
"3. Tasas, venta de bienes y servicios y otros ingresos";2012;4;7;518,95;
"3. Tasas, venta de bienes y servicios y otros ingresos";2011;4;8;465,38;
"3. Tasas, venta de bienes y servicios y otros ingresos";2010;4;9;489,51;
"3. Tasas, venta de bienes y servicios y otros ingresos";2009;4;10;599,73;
"3. Tasas, venta de bienes y servicios y otros ingresos";2008;4;11;596,5;
"3. Tasas, venta de bienes y servicios y otros ingresos";2007;4;12;583,3;
"3. Tasas, venta de bienes y servicios y otros ingresos";2006;4;13;556,46;
"3. Tasas, venta de bienes y servicios y otros ingresos";2005;4;14;521,98;
"3. Tasas, venta de bienes y servicios y otros ingresos";2004;4;15;472,18;
"3. Tasas, venta de bienes y servicios y otros ingresos";2003;4;16;413,19;
"3. Tasas, venta de bienes y servicios y otros ingresos";2002;4;17;391,1;
"3. Tasas, venta de bienes y servicios y otros ingresos";2001;4;18;352,64;
"3. Tasas, venta de bienes y servicios y otros ingresos";2000;4;19;335,14;
"3. Tasas, venta de bienes y servicios y otros ingresos";1999;4;20;348,99;
"4. Transferencias corrientes";2023;5;1;7366,27;
"4. Transferencias corrientes";2022;5;2;7621,2;
"4. Transferencias corrientes";2020;5;3;4986,05;
"4. Transferencias corrientes";2017;5;4;5778,81;
"4. Transferencias corrientes";2015;5;5;4946,74;
"4. Transferencias corrientes";2014;5;6;4531,09;
"4. Transferencias corrientes";2012;5;7;5203,64;
"4. Transferencias corrientes";2011;5;8;3890,09;
"4. Transferencias corrientes";2010;5;9;9532,65;
"4. Transferencias corrientes";2009;5;10;7579,28;
"4. Transferencias corrientes";2008;5;11;7296;
"4. Transferencias corrientes";2007;5;12;6582,28;
"4. Transferencias corrientes";2006;5;13;6211,28;
"4. Transferencias corrientes";2005;5;14;5348,48;
"4. Transferencias corrientes";2004;5;15;4847,12;
"4. Transferencias corrientes";2003;5;16;4468,87;
"4. Transferencias corrientes";2002;5;17;4234,75;
"4. Transferencias corrientes";2001;5;18;8913,53;
"4. Transferencias corrientes";2000;5;19;8397,04;
"4. Transferencias corrientes";1999;5;20;7781,59;
"5. Ingresos patrimoniales";2023;6;1;22,34;
"5. Ingresos patrimoniales";2022;6;2;17,23;
"5. Ingresos patrimoniales";2020;6;3;22,98;
"5. Ingresos patrimoniales";2017;6;4;41,49;
"5. Ingresos patrimoniales";2015;6;5;274,02;
"5. Ingresos patrimoniales";2014;6;6;1454,43;
"5. Ingresos patrimoniales";2012;6;7;9,2;
"5. Ingresos patrimoniales";2011;6;8;9,85;
"5. Ingresos patrimoniales";2010;6;9;53,7;
"5. Ingresos patrimoniales";2009;6;10;53,86;
"5. Ingresos patrimoniales";2008;6;11;50,2;
"5. Ingresos patrimoniales";2007;6;12;48,6;
"5. Ingresos patrimoniales";2006;6;13;48,09;
"5. Ingresos patrimoniales";2005;6;14;8,67;
"5. Ingresos patrimoniales";2004;6;15;8,5;
"5. Ingresos patrimoniales";2003;6;16;9,68;
"5. Ingresos patrimoniales";2002;6;17;9,62;
"5. Ingresos patrimoniales";2001;6;18;9,62;
"5. Ingresos patrimoniales";2000;6;19;7,81;
"5. Ingresos patrimoniales";1999;6;20;7,81;
"I. Operaciones corrientes (1 a 5)";2023;7;1;37308,41;
"I. Operaciones corrientes (1 a 5)";2022;7;2;32982,87;
"I. Operaciones corrientes (1 a 5)";2020;7;3;31431,49;
"I. Operaciones corrientes (1 a 5)";2017;7;4;26970,92;
"I. Operaciones corrientes (1 a 5)";2015;7;5;23891,48;
"I. Operaciones corrientes (1 a 5)";2014;7;6;22718,45;
"I. Operaciones corrientes (1 a 5)";2012;7;7;23155,24;
"I. Operaciones corrientes (1 a 5)";2011;7;8;21291,21;
"I. Operaciones corrientes (1 a 5)";2010;7;9;22786,28;
"I. Operaciones corrientes (1 a 5)";2009;7;10;25425,23;
"I. Operaciones corrientes (1 a 5)";2008;7;11;26054;
"I. Operaciones corrientes (1 a 5)";2007;7;12;24470,44;
"I. Operaciones corrientes (1 a 5)";2006;7;13;21967,87;
"I. Operaciones corrientes (1 a 5)";2005;7;14;19347,65;
"I. Operaciones corrientes (1 a 5)";2004;7;15;17035,73;
"I. Operaciones corrientes (1 a 5)";2003;7;16;15030,71;
"I. Operaciones corrientes (1 a 5)";2002;7;17;13970,01;
"I. Operaciones corrientes (1 a 5)";2001;7;18;12533,29;
"I. Operaciones corrientes (1 a 5)";2000;7;19;11768,67;
"I. Operaciones corrientes (1 a 5)";1999;7;20;10794,65;
"6. Enajenación de inversiones reales";2023;8;1;0,16;
"6. Enajenación de inversiones reales";2022;8;2;16,42;
"6. Enajenación de inversiones reales";2020;8;3;9,44;
"6. Enajenación de inversiones reales";2017;8;4;0;
"6. Enajenación de inversiones reales";2015;8;5;100;
"6. Enajenación de inversiones reales";2014;8;6;864;
"6. Enajenación de inversiones reales";2012;8;7;888,15;
"6. Enajenación de inversiones reales";2011;8;8;200;
"6. Enajenación de inversiones reales";2010;8;9;0;
"6. Enajenación de inversiones reales";2009;8;10;0;
"6. Enajenación de inversiones reales";2008;8;11;10;
"6. Enajenación de inversiones reales";2007;8;12;0;
"6. Enajenación de inversiones reales";2006;8;13;0;
"6. Enajenación de inversiones reales";2005;8;14;0;
"6. Enajenación de inversiones reales";2004;8;15;0;
"6. Enajenación de inversiones reales";2003;8;16;0;
"6. Enajenación de inversiones reales";2002;8;17;0;
"6. Enajenación de inversiones reales";2001;8;18;0;
"6. Enajenación de inversiones reales";2000;8;19;0;
"6. Enajenación de inversiones reales";1999;8;20;0;
"7. Transferencias de capital";2023;9;1;864,32;
"7. Transferencias de capital";2022;9;2;1067,79;
"7. Transferencias de capital";2020;9;3;374,9;
"7. Transferencias de capital";2017;9;4;70,62;
"7. Transferencias de capital";2015;9;5;795,94;
"7. Transferencias de capital";2014;9;6;25,07;
"7. Transferencias de capital";2012;9;7;289,51;
"7. Transferencias de capital";2011;9;8;813,5;
"7. Transferencias de capital";2010;9;9;313,64;
"7. Transferencias de capital";2009;9;10;250,68;
"7. Transferencias de capital";2008;9;11;236,6;
"7. Transferencias de capital";2007;9;12;247,18;
"7. Transferencias de capital";2006;9;13;233,87;
"7. Transferencias de capital";2005;9;14;220,99;
"7. Transferencias de capital";2004;9;15;163,1;
"7. Transferencias de capital";2003;9;16;225,91;
"7. Transferencias de capital";2002;9;17;211,64;
"7. Transferencias de capital";2001;9;18;262,71;
"7. Transferencias de capital";2000;9;19;232,39;
"7. Transferencias de capital";1999;9;20;198,74;
"II. Operaciones de capital (6 y 7)";2023;10;1;864,48;
"II. Operaciones de capital (6 y 7)";2022;10;2;1084,21;
"II. Operaciones de capital (6 y 7)";2020;10;3;384,34;
"II. Operaciones de capital (6 y 7)";2017;10;4;70,62;
"II. Operaciones de capital (6 y 7)";2015;10;5;895,94;
"II. Operaciones de capital (6 y 7)";2014;10;6;889,07;
"II. Operaciones de capital (6 y 7)";2012;10;7;1177,66;
"II. Operaciones de capital (6 y 7)";2011;10;8;1013,5;
"II. Operaciones de capital (6 y 7)";2010;10;9;313,64;
"II. Operaciones de capital (6 y 7)";2009;10;10;250,68;
"II. Operaciones de capital (6 y 7)";2008;10;11;246,6;
"II. Operaciones de capital (6 y 7)";2007;10;12;247,18;
"II. Operaciones de capital (6 y 7)";2006;10;13;233,87;
"II. Operaciones de capital (6 y 7)";2005;10;14;220,99;
"II. Operaciones de capital (6 y 7)";2004;10;15;163,1;
"II. Operaciones de capital (6 y 7)";2003;10;16;225,91;
"II. Operaciones de capital (6 y 7)";2002;10;17;211,64;
"II. Operaciones de capital (6 y 7)";2001;10;18;262,71;
"II. Operaciones de capital (6 y 7)";2000;10;19;232,39;
"II. Operaciones de capital (6 y 7)";1999;10;20;198,74;
"Subtotal operaciones no financieras (I + II)";2023;11;1;38172,89;
"Subtotal operaciones no financieras (I + II)";2022;11;2;34067,07;
"Subtotal operaciones no financieras (I + II)";2020;11;3;31815,83;
"Subtotal operaciones no financieras (I + II)";2017;11;4;27041,54;
"Subtotal operaciones no financieras (I + II)";2015;11;5;24787,42;
"Subtotal operaciones no financieras (I + II)";2014;11;6;23607,52;
"Subtotal operaciones no financieras (I + II)";2012;11;7;24332,9;
"Subtotal operaciones no financieras (I + II)";2011;11;8;22304,72;
"Subtotal operaciones no financieras (I + II)";2010;11;9;23099,92;
"Subtotal operaciones no financieras (I + II)";2009;11;10;25675,91;
"Subtotal operaciones no financieras (I + II)";2008;11;11;26300,6;
"Subtotal operaciones no financieras (I + II)";2007;11;12;24717,62;
"Subtotal operaciones no financieras (I + II)";2006;11;13;22201,74;
"Subtotal operaciones no financieras (I + II)";2005;11;14;19568,64;
"Subtotal operaciones no financieras (I + II)";2004;11;15;17198,83;
"Subtotal operaciones no financieras (I + II)";2003;11;16;15256,62;
"Subtotal operaciones no financieras (I + II)";2002;11;17;14181,65;
"Subtotal operaciones no financieras (I + II)";2001;11;18;12796;
"Subtotal operaciones no financieras (I + II)";2000;11;19;12001,06;
"Subtotal operaciones no financieras (I + II)";1999;11;20;10993,39;
"8. Variación de activos financieros";2023;12;1;584,04;
"8. Variación de activos financieros";2022;12;2;1127,3;
"8. Variación de activos financieros";2020;12;3;144,11;
"8. Variación de activos financieros";2017;12;4;82,97;
"8. Variación de activos financieros";2015;12;5;93,18;
"8. Variación de activos financieros";2014;12;6;19,14;
"8. Variación de activos financieros";2012;12;7;421,06;
"8. Variación de activos financieros";2011;12;8;210,06;
"8. Variación de activos financieros";2010;12;9;0;
"8. Variación de activos financieros";2009;12;10;0;
"8. Variación de activos financieros";2008;12;11;0;
"8. Variación de activos financieros";2007;12;12;0;
"8. Variación de activos financieros";2006;12;13;0;
"8. Variación de activos financieros";2005;12;14;0;
"8. Variación de activos financieros";2004;12;15;0;
"8. Variación de activos financieros";2003;12;16;0;
"8. Variación de activos financieros";2002;12;17;0;
"8. Variación de activos financieros";2001;12;18;0;
"8. Variación de activos financieros";2000;12;19;0;
"8. Variación de activos financieros";1999;12;20;0;
"9. Variación de pasivos financieros";2023;13;1;12883,01;
"9. Variación de pasivos financieros";2022;13;2;13668,9;
"9. Variación de pasivos financieros";2020;13;3;10219,27;
"9. Variación de pasivos financieros";2017;13;4;6905,2;
"9. Variación de pasivos financieros";2015;13;5;7602,48;
"9. Variación de pasivos financieros";2014;13;6;8235,41;
"9. Variación de pasivos financieros";2012;13;7;4973,38;
"9. Variación de pasivos financieros";2011;13;8;10115,28;
"9. Variación de pasivos financieros";2010;13;9;9418,81;
"9. Variación de pasivos financieros";2009;13;10;4054,84;
"9. Variación de pasivos financieros";2008;13;11;1942,74;
"9. Variación de pasivos financieros";2007;13;12;1967,02;
"9. Variación de pasivos financieros";2006;13;13;1722,72;
"9. Variación de pasivos financieros";2005;13;14;1948,22;
"9. Variación de pasivos financieros";2004;13;15;1511,99;
"9. Variación de pasivos financieros";2003;13;16;824,77;
"9. Variación de pasivos financieros";2002;13;17;660,38;
"9. Variación de pasivos financieros";2001;13;18;599,21;
"9. Variación de pasivos financieros";2000;13;19;479,01;
"9. Variación de pasivos financieros";1999;13;20;494,58;
"III. Operaciones financieras (8 y 9)";2023;14;1;13467,05;
"III. Operaciones financieras (8 y 9)";2022;14;2;14796,2;
"III. Operaciones financieras (8 y 9)";2020;14;3;10363,37;
"III. Operaciones financieras (8 y 9)";2017;14;4;6988,16;
"III. Operaciones financieras (8 y 9)";2015;14;5;7695,66;
"III. Operaciones financieras (8 y 9)";2014;14;6;8254,54;
"III. Operaciones financieras (8 y 9)";2012;14;7;5394,45;
"III. Operaciones financieras (8 y 9)";2011;14;8;10325,33;
"III. Operaciones financieras (8 y 9)";2010;14;9;9418,81;
"III. Operaciones financieras (8 y 9)";2009;14;10;4054,84;
"III. Operaciones financieras (8 y 9)";2008;14;11;1942,74;
"III. Operaciones financieras (8 y 9)";2007;14;12;1967,02;
"III. Operaciones financieras (8 y 9)";2006;14;13;1722,72;
"III. Operaciones financieras (8 y 9)";2005;14;14;1948,22;
"III. Operaciones financieras (8 y 9)";2004;14;15;1511,99;
"III. Operaciones financieras (8 y 9)";2003;14;16;824,77;
"III. Operaciones financieras (8 y 9)";2002;14;17;660,38;
"III. Operaciones financieras (8 y 9)";2001;14;18;599,21;
"III. Operaciones financieras (8 y 9)";2000;14;19;479,01;
"III. Operaciones financieras (8 y 9)";1999;14;20;494,58;
"Gastos (I + II + III)";2023;15;1;51639,94;
"Gastos (I + II + III)";2022;15;2;48863,27;
"Gastos (I + II + III)";2020;15;3;42179,2;
"Gastos (I + II + III)";2017;15;4;34029,71;
"Gastos (I + II + III)";2015;15;5;32483,09;
"Gastos (I + II + III)";2014;15;6;31862,07;
"Gastos (I + II + III)";2012;15;7;29727,34;
"Gastos (I + II + III)";2011;15;8;32630,05;
"Gastos (I + II + III)";2010;15;9;32518,73;
"Gastos (I + II + III)";2009;15;10;29730,76;
"Gastos (I + II + III)";2008;15;11;28243,34;
"Gastos (I + II + III)";2007;15;12;26684,64;
"Gastos (I + II + III)";2006;15;13;23924,46;
"Gastos (I + II + III)";2005;15;14;21516,88;
"Gastos (I + II + III)";2004;15;15;18710,82;
"Gastos (I + II + III)";2003;15;16;16081,39;
"Gastos (I + II + III)";2002;15;17;14842,03;
"Gastos (I + II + III)";2001;15;18;13395,21;
"Gastos (I + II + III)";2000;15;19;12480,07;
"Gastos (I + II + III)";1999;15;20;11487,97;
"1. Remuneraciones del personal";2023;16;1;7932,96;
"1. Remuneraciones del personal";2022;16;2;7099,39;
"1. Remuneraciones del personal";2020;16;3;6573,46;
"1. Remuneraciones del personal";2017;16;4;5592,44;
"1. Remuneraciones del personal";2015;16;5;5112,25;
"1. Remuneraciones del personal";2014;16;6;4727,65;
"1. Remuneraciones del personal";2012;16;7;5160,52;
"1. Remuneraciones del personal";2011;16;8;5159,23;
"1. Remuneraciones del personal";2010;16;9;5479,23;
"1. Remuneraciones del personal";2009;16;10;5316,94;
"1. Remuneraciones del personal";2008;16;11;4955,85;
"1. Remuneraciones del personal";2007;16;12;4496,21;
"1. Remuneraciones del personal";2006;16;13;3919,85;
"1. Remuneraciones del personal";2005;16;14;3508,77;
"1. Remuneraciones del personal";2004;16;15;3177,57;
"1. Remuneraciones del personal";2003;16;16;2870,09;
"1. Remuneraciones del personal";2002;16;17;2606,7;
"1. Remuneraciones del personal";2001;16;18;2435,77;
"1. Remuneraciones del personal";2000;16;19;2325,4;
"1. Remuneraciones del personal";1999;16;20;2149,73;
"2. Gastos corrientes de bienes y servicios";2023;17;1;3868,58;
"2. Gastos corrientes de bienes y servicios";2022;17;2;3713,51;
"2. Gastos corrientes de bienes y servicios";2020;17;3;2385,61;
"2. Gastos corrientes de bienes y servicios";2017;17;4;2188,94;
"2. Gastos corrientes de bienes y servicios";2015;17;5;1858,86;
"2. Gastos corrientes de bienes y servicios";2014;17;6;1162,85;
"2. Gastos corrientes de bienes y servicios";2012;17;7;1218,77;
"2. Gastos corrientes de bienes y servicios";2011;17;8;1330,06;
"2. Gastos corrientes de bienes y servicios";2010;17;9;1564,59;
"2. Gastos corrientes de bienes y servicios";2009;17;10;1471,51;
"2. Gastos corrientes de bienes y servicios";2008;17;11;1450,53;
"2. Gastos corrientes de bienes y servicios";2007;17;12;1329,66;
"2. Gastos corrientes de bienes y servicios";2006;17;13;1188,68;
"2. Gastos corrientes de bienes y servicios";2005;17;14;968,25;
"2. Gastos corrientes de bienes y servicios";2004;17;15;892,7;
"2. Gastos corrientes de bienes y servicios";2003;17;16;649,11;
"2. Gastos corrientes de bienes y servicios";2002;17;17;591,44;
"2. Gastos corrientes de bienes y servicios";2001;17;18;505,54;
"2. Gastos corrientes de bienes y servicios";2000;17;19;461,71;
"2. Gastos corrientes de bienes y servicios";1999;17;20;371,39;
"3. Gastos financieros";2023;18;1;784,19;
"3. Gastos financieros";2022;18;2;639,29;
"3. Gastos financieros";2020;18;3;879,51;
"3. Gastos financieros";2017;18;4;799,26;
"3. Gastos financieros";2015;18;5;1713,18;
"3. Gastos financieros";2014;18;6;2077;
"3. Gastos financieros";2012;18;7;1994,34;
"3. Gastos financieros";2011;18;8;1477,9;
"3. Gastos financieros";2010;18;9;1118,7;
"3. Gastos financieros";2009;18;10;808,5;
"3. Gastos financieros";2008;18;11;678,65;
"3. Gastos financieros";2007;18;12;561,05;
"3. Gastos financieros";2006;18;13;491,2;
"3. Gastos financieros";2005;18;14;440,71;
"3. Gastos financieros";2004;18;15;387,38;
"3. Gastos financieros";2003;18;16;434,1;
"3. Gastos financieros";2002;18;17;446,56;
"3. Gastos financieros";2001;18;18;462,08;
"3. Gastos financieros";2000;18;19;449,59;
"3. Gastos financieros";1999;18;20;475,81;
"4. Transferencias corrientes";2023;19;1;24727,81;
"4. Transferencias corrientes";2022;19;2;22715,81;
"4. Transferencias corrientes";2020;19;3;20462,55;
"4. Transferencias corrientes";2017;19;4;18118,36;
"4. Transferencias corrientes";2015;19;5;16616,73;
"4. Transferencias corrientes";2014;19;6;16530,36;
"4. Transferencias corrientes";2012;19;7;16993,16;
"4. Transferencias corrientes";2011;19;8;17651,13;
"4. Transferencias corrientes";2010;19;9;18494,4;
"4. Transferencias corrientes";2009;19;10;17565,33;
"4. Transferencias corrientes";2008;19;11;16918,81;
"4. Transferencias corrientes";2007;19;12;15938,43;
"4. Transferencias corrientes";2006;19;13;14547,44;
"4. Transferencias corrientes";2005;19;14;12998,75;
"4. Transferencias corrientes";2004;19;15;11687,25;
"4. Transferencias corrientes";2003;19;16;9734,85;
"4. Transferencias corrientes";2002;19;17;9076,76;
"4. Transferencias corrientes";2001;19;18;8267,75;
"4. Transferencias corrientes";2000;19;19;7739,76;
"4. Transferencias corrientes";1999;19;20;7095,99;
"5. Fondo de contingencia";2023;20;1;300;
"5. Fondo de contingencia";2022;20;2;300;
"5. Fondo de contingencia";2020;20;3;250;
"5. Fondo de contingencia";2017;20;4;330;
"5. Fondo de contingencia";2015;20;5;200;
"5. Fondo de contingencia";2014;20;6;45;
"5. Fondo de contingencia";2012;20;7;250;
"5. Fondo de contingencia";2011;20;8;39;
"5. Fondo de contingencia";2010;20;9;150;
"5. Fondo de contingencia";2009;20;10;110;
"5. Fondo de contingencia";2008;20;11;110;
"5. Fondo de contingencia";2007;20;12;95;
"5. Fondo de contingencia";2006;20;13;92,2;
"5. Fondo de contingencia";2005;20;14;0;
"5. Fondo de contingencia";2004;20;15;0;
"5. Fondo de contingencia";2003;20;16;0;
"5. Fondo de contingencia";2002;20;17;0;
"5. Fondo de contingencia";2001;20;18;0;
"5. Fondo de contingencia";2000;20;19;0;
"5. Fondo de contingencia";1999;20;20;0;
"I. Operaciones corrientes (1 a 5)";2023;21;1;37613,54;
"I. Operaciones corrientes (1 a 5)";2022;21;2;34468,01;
"I. Operaciones corrientes (1 a 5)";2020;21;3;30551,13;
"I. Operaciones corrientes (1 a 5)";2017;21;4;27029,01;
"I. Operaciones corrientes (1 a 5)";2015;21;5;25501,02;
"I. Operaciones corrientes (1 a 5)";2014;21;6;24542,85;
"I. Operaciones corrientes (1 a 5)";2012;21;7;25616,8;
"I. Operaciones corrientes (1 a 5)";2011;21;8;25657,32;
"I. Operaciones corrientes (1 a 5)";2010;21;9;26806,91;
"I. Operaciones corrientes (1 a 5)";2009;21;10;25272,28;
"I. Operaciones corrientes (1 a 5)";2008;21;11;24113,84;
"I. Operaciones corrientes (1 a 5)";2007;21;12;22420,35;
"I. Operaciones corrientes (1 a 5)";2006;21;13;20239,37;
"I. Operaciones corrientes (1 a 5)";2005;21;14;17916,48;
"I. Operaciones corrientes (1 a 5)";2004;21;15;16144,9;
"I. Operaciones corrientes (1 a 5)";2003;21;16;13688,15;
"I. Operaciones corrientes (1 a 5)";2002;21;17;12721,46;
"I. Operaciones corrientes (1 a 5)";2001;21;18;11671,14;
"I. Operaciones corrientes (1 a 5)";2000;21;19;10976,46;
"I. Operaciones corrientes (1 a 5)";1999;21;20;10092,92;
"6. Inversiones reales";2023;22;1;885,5;
"6. Inversiones reales";2022;22;2;979,73;
"6. Inversiones reales";2020;22;3;487,94;
"6. Inversiones reales";2017;22;4;446,88;
"6. Inversiones reales";2015;22;5;434,05;
"6. Inversiones reales";2014;22;6;367,87;
"6. Inversiones reales";2012;22;7;791,54;
"6. Inversiones reales";2011;22;8;650,08;
"6. Inversiones reales";2010;22;9;1124,22;
"6. Inversiones reales";2009;22;10;1179,94;
"6. Inversiones reales";2008;22;11;1283,65;
"6. Inversiones reales";2007;22;12;1393,53;
"6. Inversiones reales";2006;22;13;1370,33;
"6. Inversiones reales";2005;22;14;1372,86;
"6. Inversiones reales";2004;22;15;1127,68;
"6. Inversiones reales";2003;22;16;973,69;
"6. Inversiones reales";2002;22;17;902,5;
"6. Inversiones reales";2001;22;18;703,48;
"6. Inversiones reales";2000;22;19;629,28;
"6. Inversiones reales";1999;22;20;601,51;
"7. Transferencias de capital";2023;23;1;1160,55;
"7. Transferencias de capital";2022;23;2;1747,57;
"7. Transferencias de capital";2020;23;3;734,52;
"7. Transferencias de capital";2017;23;4;646,93;
"7. Transferencias de capital";2015;23;5;590,39;
"7. Transferencias de capital";2014;23;6;644,47;
"7. Transferencias de capital";2012;23;7;810,67;
"7. Transferencias de capital";2011;23;8;914,58;
"7. Transferencias de capital";2010;23;9;1286,14;
"7. Transferencias de capital";2009;23;10;1169,06;
"7. Transferencias de capital";2008;23;11;1320,52;
"7. Transferencias de capital";2007;23;12;1067,37;
"7. Transferencias de capital";2006;23;13;1005,41;
"7. Transferencias de capital";2005;23;14;860,86;
"7. Transferencias de capital";2004;23;15;719,55;
"7. Transferencias de capital";2003;23;16;583,93;
"7. Transferencias de capital";2002;23;17;545,95;
"7. Transferencias de capital";2001;23;18;420,02;
"7. Transferencias de capital";2000;23;19;451,3;
"7. Transferencias de capital";1999;23;20;377,37;
"II. Operaciones de capital (6 y 7)";2023;24;1;2046,05;
"II. Operaciones de capital (6 y 7)";2022;24;2;2727,3;
"II. Operaciones de capital (6 y 7)";2020;24;3;1222,45;
"II. Operaciones de capital (6 y 7)";2017;24;4;1093,81;
"II. Operaciones de capital (6 y 7)";2015;24;5;1024,45;
"II. Operaciones de capital (6 y 7)";2014;24;6;1012,34;
"II. Operaciones de capital (6 y 7)";2012;24;7;1602,21;
"II. Operaciones de capital (6 y 7)";2011;24;8;1564,66;
"II. Operaciones de capital (6 y 7)";2010;24;9;2410,37;
"II. Operaciones de capital (6 y 7)";2009;24;10;2349;
"II. Operaciones de capital (6 y 7)";2008;24;11;2604,17;
"II. Operaciones de capital (6 y 7)";2007;24;12;2460,9;
"II. Operaciones de capital (6 y 7)";2006;24;13;2375,74;
"II. Operaciones de capital (6 y 7)";2005;24;14;2233,72;
"II. Operaciones de capital (6 y 7)";2004;24;15;1847,23;
"II. Operaciones de capital (6 y 7)";2003;24;16;1557,62;
"II. Operaciones de capital (6 y 7)";2002;24;17;1448,45;
"II. Operaciones de capital (6 y 7)";2001;24;18;1123,5;
"II. Operaciones de capital (6 y 7)";2000;24;19;1080,58;
"II. Operaciones de capital (6 y 7)";1999;24;20;978,87;
"Subtotal operaciones no financieras (I + II)";2023;25;1;39659,59;
"Subtotal operaciones no financieras (I + II)";2022;25;2;37195,31;
"Subtotal operaciones no financieras (I + II)";2020;25;3;31773,59;
"Subtotal operaciones no financieras (I + II)";2017;25;4;28122,82;
"Subtotal operaciones no financieras (I + II)";2015;25;5;26525,47;
"Subtotal operaciones no financieras (I + II)";2014;25;6;25555,19;
"Subtotal operaciones no financieras (I + II)";2012;25;7;27219,01;
"Subtotal operaciones no financieras (I + II)";2011;25;8;27221,98;
"Subtotal operaciones no financieras (I + II)";2010;25;9;29217,28;
"Subtotal operaciones no financieras (I + II)";2009;25;10;27621,28;
"Subtotal operaciones no financieras (I + II)";2008;25;11;26718,01;
"Subtotal operaciones no financieras (I + II)";2007;25;12;24881,25;
"Subtotal operaciones no financieras (I + II)";2006;25;13;22615,11;
"Subtotal operaciones no financieras (I + II)";2005;25;14;20150,2;
"Subtotal operaciones no financieras (I + II)";2004;25;15;17992,13;
"Subtotal operaciones no financieras (I + II)";2003;25;16;15245,76;
"Subtotal operaciones no financieras (I + II)";2002;25;17;14169,91;
"Subtotal operaciones no financieras (I + II)";2001;25;18;12794,64;
"Subtotal operaciones no financieras (I + II)";2000;25;19;12057,04;
"Subtotal operaciones no financieras (I + II)";1999;25;20;11071,79;
"8. Variación de activos financieros";2023;26;1;1365,13;
"8. Variación de activos financieros";2022;26;2;944,07;
"8. Variación de activos financieros";2020;26;3;747,75;
"8. Variación de activos financieros";2017;26;4;712,29;
"8. Variación de activos financieros";2015;26;5;667,46;
"8. Variación de activos financieros";2014;26;6;509,36;
"8. Variación de activos financieros";2012;26;7;833,76;
"8. Variación de activos financieros";2011;26;8;915,2;
"8. Variación de activos financieros";2010;26;9;1506,9;
"8. Variación de activos financieros";2009;26;10;1304,2;
"8. Variación de activos financieros";2008;26;11;950,85;
"8. Variación de activos financieros";2007;26;12;738,16;
"8. Variación de activos financieros";2006;26;13;685,16;
"8. Variación de activos financieros";2005;26;14;489,13;
"8. Variación de activos financieros";2004;26;15;239,98;
"8. Variación de activos financieros";2003;26;16;230,04;
"8. Variación de activos financieros";2002;26;17;139,92;
"8. Variación de activos financieros";2001;26;18;137,62;
"8. Variación de activos financieros";2000;26;19;67,6;
"8. Variación de activos financieros";1999;26;20;59,29;
"9. Variación de pasivos financieros";2023;27;1;10615,22;
"9. Variación de pasivos financieros";2022;27;2;10723,89;
"9. Variación de pasivos financieros";2020;27;3;9657,86;
"9. Variación de pasivos financieros";2017;27;4;5194,59;
"9. Variación de pasivos financieros";2015;27;5;5290,15;
"9. Variación de pasivos financieros";2014;27;6;5797,51;
"9. Variación de pasivos financieros";2012;27;7;1674,57;
"9. Variación de pasivos financieros";2011;27;8;4492,87;
"9. Variación de pasivos financieros";2010;27;9;1794,55;
"9. Variación de pasivos financieros";2009;27;10;805,27;
"9. Variación de pasivos financieros";2008;27;11;574,48;
"9. Variación de pasivos financieros";2007;27;12;1065,23;
"9. Variación de pasivos financieros";2006;27;13;624,19;
"9. Variación de pasivos financieros";2005;27;14;877,55;
"9. Variación de pasivos financieros";2004;27;15;478,71;
"9. Variación de pasivos financieros";2003;27;16;605,59;
"9. Variación de pasivos financieros";2002;27;17;532,2;
"9. Variación de pasivos financieros";2001;27;18;462,95;
"9. Variación de pasivos financieros";2000;27;19;355,43;
"9. Variación de pasivos financieros";1999;27;20;356,89;
"III. Operaciones financieras (8 y 9)";2023;28;1;11980,35;
"III. Operaciones financieras (8 y 9)";2022;28;2;11667,97;
"III. Operaciones financieras (8 y 9)";2020;28;3;10405,62;
"III. Operaciones financieras (8 y 9)";2017;28;4;5906,89;
"III. Operaciones financieras (8 y 9)";2015;28;5;5957,62;
"III. Operaciones financieras (8 y 9)";2014;28;6;6306,87;
"III. Operaciones financieras (8 y 9)";2012;28;7;2508,33;
"III. Operaciones financieras (8 y 9)";2011;28;8;5408,06;
"III. Operaciones financieras (8 y 9)";2010;28;9;3301,45;
"III. Operaciones financieras (8 y 9)";2009;28;10;2109,47;
"III. Operaciones financieras (8 y 9)";2008;28;11;1525,33;
"III. Operaciones financieras (8 y 9)";2007;28;12;1803,39;
"III. Operaciones financieras (8 y 9)";2006;28;13;1309,35;
"III. Operaciones financieras (8 y 9)";2005;28;14;1366,68;
"III. Operaciones financieras (8 y 9)";2004;28;15;718,69;
"III. Operaciones financieras (8 y 9)";2003;28;16;835,62;
"III. Operaciones financieras (8 y 9)";2002;28;17;672,12;
"III. Operaciones financieras (8 y 9)";2001;28;18;600,57;
"III. Operaciones financieras (8 y 9)";2000;28;19;423,03;
"III. Operaciones financieras (8 y 9)";1999;28;20;416,18;
